电影名称,别称,导演,主演,年代,地区,影片类型,评分,评价人数,简介
肖申克的救赎,/ 月黑高飞(港)  /  刺激1995(台),弗兰克·德拉邦特 Frank Darabont   主演: 蒂姆·罗宾斯 Tim Robbin,蒂姆·罗宾斯 Tim Robbin,,1994,犯罪 剧情,9.7,,
霸王别姬,/ 再见，我的妾  /  Farewell My Concubine,陈凯歌 Kaige Chen   主演: 张国荣 Le,张国荣 Le,,1993,剧情 爱情 同性,9.6,,
泰坦尼克号,/ 铁达尼号(港 / 台),詹姆斯·卡梅隆 Jame,莱昂纳多·迪卡普里奥 Leonardo...,,1997,剧情 爱情 灾难,9.5,,
阿甘正传,/ 福雷斯特·冈普,罗伯特·泽米吉斯 Robert Zemecki,汤姆·汉克斯 Tom Hank,,1994,剧情 爱情,9.5,,
千与千寻,/ 神隐少女(台)  /  千与千寻的神隐,宫崎骏 Hayao Miyazaki   主演: 柊瑠美 Rumi Hîragi / 入野自由 Miy...,柊瑠美 Rumi Hîragi / 入野自由 Miy...,,2001,剧情 动画 奇幻,9.4,,
美丽人生,/ 一个快乐的传说(港)  /  Life Is Beautiful,罗伯托·贝尼尼 Roberto Benigni   主演: 罗伯托·贝尼尼 Roberto Beni...,罗伯托·贝尼尼 Roberto Beni...,,1997,剧情 喜剧 爱情 战争,9.5,,
这个杀手不太冷,/ 终极追杀令(台)  /  杀手莱昂,吕克·贝松 Luc Be,让·雷诺 Jean Reno / 娜塔莉·波特曼 ...,,1994,剧情 动作 犯罪,9.4,,
星际穿越,/ 星际启示录(港)  /  星际效应(台),克里斯托弗·诺兰 Chri,马修·麦康纳 Matthew Mc...,,2014,剧情 科幻 冒险,9.4,,
盗梦空间,/ 潜行凶间(港)  /  全面启动(台),克里斯托弗·诺兰 Chri,莱昂纳多·迪卡普里奥 Le...,,2010,剧情 科幻 悬疑 冒险,9.4,,
楚门的世界,/ 真人Show(港)  /  真人戏,彼得·威尔 Peter Weir   主演: 金·凯瑞 Jim Carrey / 劳拉·琳妮 Lau...,金·凯瑞 Jim Carrey / 劳拉·琳妮 Lau...,,1998,剧情 科幻,9.4,,
辛德勒的名单,/ 舒特拉的名单(港)  /  辛德勒名单,史蒂文·斯皮尔伯格 Steven Spielberg   主演: 连姆·尼森 Liam Nee,连姆·尼森 Liam Nee,,1993,剧情 历史 战争,9.5,,
忠犬八公的故事,/ 秋田犬八千(港)  /  忠犬小八(台),莱塞·霍尔斯道姆 La,理查·基尔 Richard Ger...,,2009,剧情,9.4,,
海上钢琴师,/ 声光伴我飞(港)  /  一九零零的传奇,朱塞佩·托纳多雷 Giu,蒂姆·罗斯 Tim Roth / ...,,1998,剧情 音乐,9.3,,
三傻大闹宝莱坞,/ 三个傻瓜(台)  /  作死不离3兄弟(港),拉库马·希拉尼 Rajkumar Hirani   主演: 阿米尔·汗 Aamir Khan / 卡...,阿米尔·汗 Aamir Khan / 卡...,,2009,剧情 喜剧 爱情 歌舞,9.2,,
疯狂动物城,/ 优兽大都会(港)  /  动物方城市(台),拜伦·霍华德 Byron Howard / 瑞奇·摩尔 Rich Moore   主演: 金妮弗·...,金妮弗·...,,2016,喜剧 动画 冒险,9.2,,
放牛班的春天,/ 歌声伴我心(港)  /  唱诗班男孩,克里斯托夫·巴拉蒂 Chri,让-巴蒂斯特·莫尼...,,2004,剧情 音乐,9.3,,
机器人总动员,/ 太空奇兵·威E(港)  /  瓦力(台),安德鲁·斯坦顿 Andrew Stanton   主演: 本·贝尔特 Ben Burtt / 艾丽...,本·贝尔特 Ben Burtt / 艾丽...,,2008,科幻 动画 冒险,9.3,,
无间道,/ Infernal Affairs  /  Mou gaan dou,刘伟强 / 麦兆辉   主演: 刘德华 Andy Lau / 梁朝伟 Tony Leung Chiu W...,刘德华 Andy Lau / 梁朝伟 Tony Leung Chiu W...,,2002,剧情 犯罪 惊悚,9.3,,
控方证人,/ 雄才伟略  /  情妇,比利·怀尔德 Billy Wilder   主演: 泰隆·鲍华 Tyrone Power / 玛琳·...,泰隆·鲍华 Tyrone Power / 玛琳·...,,1957,剧情 犯罪 悬疑 惊悚,9.6,,
大话西游之大圣娶亲,/ 西游记完结篇仙履奇缘  /  齐天大圣西游记,刘镇伟 Jeffrey Lau   主演: 周星驰 Stephen Chow / 吴孟达 Man Tat Ng...,周星驰 Stephen Chow / 吴孟达 Man Tat Ng...,,1995,喜剧 爱情 奇幻 古装,9.2,,
熔炉,/ 无声呐喊(港)  /  漩涡,黄东赫 Dong-hyuk Hwang   主演: 孔侑 Yoo Gong / 郑有美 Yu-mi Jung /...,孔侑 Yoo Gong / 郑有美 Yu-mi Jung /...,,2011,剧情,9.3,,
触不可及,/ 闪亮人生(港)  /  逆转人生(台),奥利维·那卡什 Olivier Nakache / 艾力克·托兰达 Eric Toledano   主...,,,2011,剧情 喜剧,9.3,,
教父,/ Mario Puzo's The Godfather,弗朗西斯·福特·科波拉 Franci,马龙·白兰度 M...,,1972,剧情 犯罪,9.3,,
寻梦环游记,/ 玩转极乐园(港)  /  可可夜总会(台),李·昂克里奇 Lee Unkrich / 阿德里安·莫利纳 Adrian Molina   主演: ...,...,,2017,喜剧 动画 奇幻 音乐,9.1,,
当幸福来敲门,/ 寻找快乐的故事(港)  /  追求快乐,加布里尔·穆奇诺 Gabriele Muccino   主演: 威尔·史密斯 Will Smith ...,威尔·史密斯 Will Smith ...,,2006,剧情 传记 家庭,9.1,,
末代皇帝,/ 末代皇帝溥仪(港)  /  L'ultimo imperatore,贝纳尔多·贝托鲁奇 Bernardo Bertolucci   主演: 尊龙 John Lone / 陈...,尊龙 John Lone / 陈...,,1987,剧情 传记 历史,9.3,,
哈利·波特与魔法石,/ 哈利波特1：神秘的魔法石(港 / 台),Chri,Daniel Radcliffe / Emma Wat,,2001,奇幻 冒险,9.2,,
龙猫,/ 邻居托托罗  /  邻家的豆豆龙,宫崎骏 Hayao Miyazaki   主演: 日高法子 Noriko Hidaka / 坂本千夏 Ch...,日高法子 Noriko Hidaka / 坂本千夏 Ch...,,1988,动画 奇幻 冒险,9.2,,
怦然心动,/ 萌动青春  /  青春萌动,罗伯·莱纳 Rob Reiner   主演: 玛德琳·卡罗尔 Madeline Carroll / 卡...,玛德琳·卡罗尔 Madeline Carroll / 卡...,,2010,剧情 喜剧 爱情,9.1,,
活着,/ 人生  /  Lifetimes,张艺谋 Yimou Zhang   主演: 葛优 You Ge / 巩俐 Li Gong / 姜武 Wu Jiang,葛优 You Ge / 巩俐 Li Gong / 姜武 Wu Jiang,,1994,剧情 历史 家庭,9.3,,
蝙蝠侠：黑暗骑士,/ 蝙蝠侠前传2：黑暗骑士  /  黑暗骑士(台),克里斯托弗·诺兰 Chri,克里斯蒂安·贝尔 Chri,,2008,剧情 动作 科幻 犯罪 惊悚,9.2,,
指环王3：王者无敌,/ 魔戒三部曲：王者再临(台 / 港),彼得·杰克逊 Peter Jack,伊利亚·伍德 Elijah Wood / 西恩...,,2003,剧情 动作 奇幻 冒险,9.3,,
我不是药神,/ 中国药神  /  印度药神,文牧野 Muye Wen   主演: 徐峥 Zheng Xu / 王传君 Chuanjun Wang / 周...,徐峥 Zheng Xu / 王传君 Chuanjun Wang / 周...,,2018,剧情 喜剧,9.0,,
乱世佳人,/ 飘,维克多·弗莱明 Victor Fleming / 乔治·库克 George Cukor   主演: 费...,费...,,1939,剧情 历史 爱情 战争,9.3,,
飞屋环游记,/ 冲天救兵(港)  /  天外奇迹(台),彼特·道格特 Pete Docter / 鲍勃·彼德森 Bob Peter,爱德...,,2009,剧情 喜剧 动画 冒险,9.1,,
让子弹飞,/ 让子弹飞一会儿  /  火烧云,姜文 Wen Jiang   主演: 姜文 Wen Jiang / 葛优 You Ge / 周润发 Yun-F...,姜文 Wen Jiang / 葛优 You Ge / 周润发 Yun-F...,,2010,剧情 喜剧 动作 西部,9.0,,
哈尔的移动城堡,/ 哈尔移动城堡(港)  /  霍尔的移动城堡(台),宫崎骏 Hayao Miyazaki   主演: 倍赏千惠子 Chieko Bai,倍赏千惠子 Chieko Bai,,2004,爱情 动画 奇幻 冒险,9.1,,
素媛,/ 许愿  /  希望：为爱重生(台),李濬益 Jun-ik Lee   主演: 薛景求 Kyung-gu Sol / 严志媛 Ji-won Uhm ...,薛景求 Kyung-gu Sol / 严志媛 Ji-won Uhm ...,,2013,剧情,9.3,,
十二怒汉,/ 12怒汉  /  十二怒汉,Sidney Lumet   主演: 亨利·方达 Henry Fonda / 马丁·鲍尔萨姆 Marti...,亨利·方达 Henry Fonda / 马丁·鲍尔萨姆 Marti...,,1957,剧情,9.4,,
海蒂和爷爷,/ 飘零燕(港)  /  海蒂,阿兰·葛斯彭纳 Alain G,阿努克·斯特芬 Anuk Steffen /...,,2015,剧情 冒险 家庭,9.3,,
猫鼠游戏,/ 逍遥法外  /  捉智双雄(港),史蒂文·斯皮尔伯格 Steven Spielberg   主演: 莱昂纳多·迪卡普里奥 L...,莱昂纳多·迪卡普里奥 L...,,2002,传记 犯罪 剧情,9.1,,
天空之城,/ 天空之城拉普他  /  空中城堡拉普他,宫崎骏 Hayao Miyazaki   主演: 田中真弓 Mayumi Tanaka / 横泽启子 Ke...,田中真弓 Mayumi Tanaka / 横泽启子 Ke...,,1986,动画 奇幻 冒险,9.2,,
摔跤吧！爸爸,/ 我和我的冠军女儿(台)  /  打死不离3父女(港),涅提·蒂瓦里 Nite,阿米尔·汗 Aamir Khan / 法缇玛...,,2016,剧情 传记 运动 家庭,9.0,,
鬼子来了,/ Devils on the Doorstep,姜文 Wen Jiang   主演: 姜文 Wen Jiang / 香川照之 Teruyuki Kagawa /...,姜文 Wen Jiang / 香川照之 Teruyuki Kagawa /...,,2000,剧情 喜剧,9.3,,
少年派的奇幻漂流,/ 少年Pi的奇幻漂流  /  漂流少年Pi,李安 Ang Lee   主演: 苏拉·沙玛 Suraj Sharma / 伊尔凡·可汗 Irrfan...,苏拉·沙玛 Suraj Sharma / 伊尔凡·可汗 Irrfan...,,2012,剧情 奇幻 冒险,9.1,,
钢琴家,/ 钢琴战曲(港)  /  战地琴人(台),罗曼·波兰斯基 Roman Polan,艾德里安·布洛迪 Adrien Brod...,,2002,剧情 传记 战争 音乐,9.3,,
指环王2：双塔奇兵,/ 魔戒二部曲：双城奇谋  /  指环王II：双塔,彼得·杰克逊 Peter Jack,伊利亚·伍德 Elijah Wood / 西恩...,,2002,剧情 动作 奇幻 冒险,9.2,,
大话西游之月光宝盒,/ 西游记101回月光宝盒  /  齐天大圣东游记,刘镇伟 Jeffrey Lau   主演: 周星驰 Stephen Chow / 吴孟达 Man Tat Ng...,周星驰 Stephen Chow / 吴孟达 Man Tat Ng...,,1995,喜剧 爱情 奇幻 古装,9.0,,
死亡诗社,/ 暴雨骄阳(港)  /  春风化雨(台),彼得·威尔 Peter Weir   主演: 罗宾·威廉姆斯 Robin William,罗宾·威廉姆斯 Robin William,,1989,剧情,9.2,,
何以为家,/ 迦百农  /  星仔打官司(港),娜丁·拉巴基 Nadine Labaki   主演: 扎因·拉费阿 Zain al-Rafeea / ...,扎因·拉费阿 Zain al-Rafeea / ...,,2018,剧情,9.1,,
闻香识女人,/ 女人香  /  女人的芳香,马丁·布莱斯 Martin Bre,阿尔·帕西诺 Al Pacino / 克里斯...,,1992,剧情,9.1,,
绿皮书,/ 绿簿旅友(港)  /  幸福绿皮书(台),彼得·法雷里 Peter Farrelly   主演: 维果·莫腾森 Viggo Morten,维果·莫腾森 Viggo Morten,,2018,剧情 喜剧 传记 音乐,8.9,,
大闹天宫,/ 大闹天宫 上下集  /  The Monkey King,万籁鸣 Laiming Wan   主演: 邱岳峰 Yuefeng Qiu / 富润生 Run,邱岳峰 Yuefeng Qiu / 富润生 Run,,1961(中国大陆),剧情 动画 奇幻 古装,9.4,,
黑客帝国,/ 22世纪杀人网络(港)  /  廿二世纪杀人网络(港),安迪·沃卓斯基 Andy Wachow,,,1999,动作 科幻,9.1,,
指环王1：护戒使者,/ 指环王1：魔戒再现  /  指环王I：护戒使者,彼得·杰克逊 Peter Jack,伊利亚·伍德 Elijah Wood / 西恩...,,2001,剧情 动作 奇幻 冒险,9.1,,
罗马假日,/ 金枝玉叶(港)  /  罗马假期(台),威廉·惠勒 William Wyler   主演: 奥黛丽·赫本 Audrey Hepburn / 格...,奥黛丽·赫本 Audrey Hepburn / 格...,,1953,喜剧 剧情 爱情,9.1,,
教父2,/ 教父续集(港)  /  教父II,弗朗西斯·福特·科波拉 Franci,阿尔·帕西诺 A...,,1974,剧情 犯罪,9.3,,
狮子王,/ 狮子王3D,Roger Aller,乔纳森·泰勒·托马...,,1994,动画 冒险 歌舞,9.1,,
天堂电影院,/ 星光伴我心(港)  /  新天堂乐园(台),朱塞佩·托纳多雷 Giu,菲利普·努瓦雷 Philipp...,,1988,剧情 爱情,9.2,,
饮食男女,/ Eat Drink Man Woman,李安 Ang Lee   主演: 郎雄 Sihung Lung / 杨贵媚 Kuei-Mei Yang / 吴...,郎雄 Sihung Lung / 杨贵媚 Kuei-Mei Yang / 吴...,,1994,剧情 家庭,9.2,,
辩护人,/ 逆权大状(港)  /  正义辩护人(台),杨宇硕 Woo-,宋康昊 Kang-ho Song / 金英爱 Yeong-ae...,,2013,剧情,9.2,,
搏击俱乐部,/ 搏击会(港)  /  斗阵俱乐部(台),大卫·芬奇 David Fincher   主演: 爱德华·诺顿 Edward Norton / 布拉...,爱德华·诺顿 Edward Norton / 布拉...,,1999,剧情 动作 悬疑 惊悚,9.0,,
本杰明·巴顿奇事,/ 奇幻逆缘(港)  /  班杰明的奇幻旅程(台),大卫·芬奇 David Fincher   主演: 凯特·布兰切特 Cate Blanchett / ...,凯特·布兰切特 Cate Blanchett / ...,,2008,剧情 爱情 奇幻,9.0,,
美丽心灵,/ 有你终生美丽(港)  /  美丽境界(台),朗·霍华德 Ron Howard   主演: 罗素·克劳 Ru,罗素·克劳 Ru,,2001,传记 剧情,9.1,,
穿条纹睡衣的男孩,/ 穿条纹衣服的男孩  /  穿条纹衣的男孩,马克·赫尔曼 Mark Herman   主演: 阿萨·巴特菲尔德 A,阿萨·巴特菲尔德 A,,2008,剧情 战争,9.2,,
情书,/ When I Close My Eyes  /  Letters of Love,岩井俊二 Shunji Iwai   主演: 中山美穗 Miho Nakayama / 丰川悦司 Et,中山美穗 Miho Nakayama / 丰川悦司 Et,,1995,剧情 爱情,8.9,,
窃听风暴,/ 窃听者(港)  /  他人的生活,弗洛里安·亨克尔·冯·多纳斯马尔克 Florian Henckel von Donner,,,2006,剧情 悬疑,9.2,,
两杆大烟枪,/ 够姜四小强(港)  /  两根枪管(台),盖·里奇 Guy Ritchie   主演: 杰森·弗莱明 Ja,杰森·弗莱明 Ja,,1998,剧情 喜剧 犯罪,9.1,,
哈利·波特与死亡圣器(下),/ 哈利波特7：死神的圣物2(港 / 台),大卫·叶茨 David Yate,丹尼尔·雷德克里夫 Daniel Radcliffe...,,2011,奇幻 冒险,9.0,,
音乐之声,/ 仙乐飘飘处处闻(港)  /  真善美(台),罗伯特·怀斯 Robert Wi,朱莉·安德鲁斯 Julie Andrew,,1965,剧情 传记 爱情 歌舞,9.1,,
西西里的美丽传说,/ 真爱伴我行(台)  /  玛莲娜,朱塞佩·托纳多雷 Giu,莫妮卡·贝鲁奇 Monica ...,,2000,剧情 战争 情色,8.9,,
功夫,/ 功夫3D  /  Kung Fu Hustle,周星驰 Stephen Chow   主演: 周星驰 Stephen Chow / 元秋 Qiu Yuen / ...,周星驰 Stephen Chow / 元秋 Qiu Yuen / ...,,2004,动作 喜剧 犯罪 奇幻,8.9,,
阿凡达,/,詹姆斯·卡梅隆 Jame,萨姆·沃辛顿 Sam Worthington ...,,2009,动作 科幻 冒险,8.8,,
哈利·波特与阿兹卡班的囚徒,/ 哈利波特3：阿兹卡班的逃犯(港 / 台),阿方索·卡隆 Alfon,丹尼尔·雷德克里夫 Daniel Rad...,,2004,奇幻 冒险,9.0,,
看不见的客人,/ 死无对证(港)  /  布局(台),奥里奥尔·保罗 Oriol Paulo   主演: 马里奥·卡萨斯 Mario Ca,马里奥·卡萨斯 Mario Ca,,2016,剧情 犯罪 悬疑 惊悚,8.8,,
拯救大兵瑞恩,/ 雷霆救兵(港)  /  抢救雷恩大兵(台),史蒂文·斯皮尔伯格 Steven Spielberg   主演: 汤姆·汉克斯 Tom Hank,汤姆·汉克斯 Tom Hank,,1998,剧情 战争,9.1,,
沉默的羔羊,/ 沉默的羔羊,乔纳森·戴米 Jonathan Demme   主演: 朱迪·福斯特 Jodie Fo,朱迪·福斯特 Jodie Fo,,1991,剧情 犯罪 惊悚,8.9,,
小鞋子,/ 天堂的孩子  /  小童鞋,马基德·马基迪 Majid Majidi   主演: 默罕默德·阿米尔·纳吉 Mohamma...,默罕默德·阿米尔·纳吉 Mohamma...,,1997,剧情 儿童 家庭,9.2,,
飞越疯人院,/ 飞越杜鹃窝(台)  /  飞越喜鹊巢,米洛斯·福尔曼 Miloš Forman   主演: 杰克·尼科尔森 Jack Nichol,杰克·尼科尔森 Jack Nichol,,1975,剧情,9.1,,
布达佩斯大饭店,/ 布达佩斯大酒店(港)  /  欢迎来到布达佩斯大饭店(台),韦斯·安德森 We,拉尔夫·费因斯 Ralph Fienne,,2014,剧情 喜剧 冒险,8.9,,
蝴蝶效应,/ 蝴蝶效应,埃里克·布雷斯 Eric Bre,,,2004,剧情 悬疑 科幻 惊悚,8.9,,
禁闭岛,/ 不赦岛(港)  /  隔离岛(台),Martin Scor,莱昂纳多·迪卡普里奥 Leonardo DiCaprio / ...,,2010,剧情 悬疑 惊悚,8.9,,
致命魔术,/ 死亡魔法(港)  /  顶尖对决(台),克里斯托弗·诺兰 Chri,休·杰克曼 Hugh Jackman...,,2006,剧情 悬疑 惊悚,8.9,,
心灵捕手,/ 骄阳似我(港)  /  心灵捕手,格斯·范·桑特 Gu,马特·达蒙 Matt Damon / 罗宾·...,,1997,剧情,9.0,,
低俗小说,/ 危险人物(港)  /  黑色追缉令(台),昆汀·塔伦蒂诺 Quentin Tarantino   主演: 约翰·特拉沃尔塔 John Tra...,约翰·特拉沃尔塔 John Tra...,,1994,剧情 喜剧 犯罪,8.9,,
超脱,/ 人间师格(台),托尼·凯耶 Tony Kaye   主演: 艾德里安·布洛迪 Adrien Brody / 马西...,艾德里安·布洛迪 Adrien Brody / 马西...,,2011,剧情,9.0,,
哈利·波特与密室,/ 哈利波特2：消失的密室(港 / 台),Chri,丹尼尔·雷德克里夫 Daniel Radcliffe / 艾玛...,,2002,奇幻 冒险,8.9,,
摩登时代,/ The Masses  /  Les Temps modernes,查理·卓别林 Charle,查理·卓别林 Charle,,1936,剧情 喜剧 爱情,9.3,,
喜剧之王,/ King of Comedy,周星驰 Stephen Chow / 李力持 Lik-Chi Lee   主演: 周星驰 Stephen Ch...,周星驰 Stephen Ch...,,1999,喜剧 剧情 爱情,8.8,,
杀人回忆,/ 谋杀回忆  /  杀手回忆录,奉俊昊 Joon-ho Bong   主演: 宋康昊 Kang-ho Song / 金相庆 Sang-kyun...,宋康昊 Kang-ho Song / 金相庆 Sang-kyun...,,2003,剧情 动作 犯罪 悬疑 惊悚,8.9,,
致命ID,/ 杀人游戏  /  致命身份,詹姆斯·曼高德 Jame,约翰·库萨克 John Cu,,2003,剧情 悬疑 惊悚,8.9,,
春光乍泄,/ 一起快乐  /  Happy Together,王家卫 Kar Wai Wong   主演: 张国荣 Le,张国荣 Le,,1997,剧情 爱情 同性,9.0,,
一一,/ Yi yi  /  Yi yi: A One and a Two,杨德昌 Edward Yang   主演: 吴念真 / 李凯莉 Kelly Lee / 金燕玲 Elai...,吴念真 / 李凯莉 Kelly Lee / 金燕玲 Elai...,,2000,剧情 爱情 家庭,9.1,,
海豚湾,/ 血色海湾(台)  /  海湾,路易·西霍尤斯 Louie P,路易·西霍尤斯 Louie P,,2009,纪录片,9.3,,
美国往事,/ 四海兄弟(台)  /  义薄云天(港),赛尔乔·莱翁内 Sergio Leone   主演: 罗伯特·德尼罗 Robert De Niro ...,罗伯特·德尼罗 Robert De Niro ...,,1984,犯罪 剧情,9.1,,
加勒比海盗,/ 加勒比海盗1：黑珍珠号的诅咒  /  神鬼奇航：鬼盗船魔咒(台),戈尔·维宾斯基 Gore Verbin,约翰尼·德普 Johnny Depp / ...,,2003,动作 冒险 奇幻,8.8,,
红辣椒,/ 盗梦侦探(港 / 台),今敏 Sato,林原惠美 Megumi Haya,,2006,动画 悬疑 科幻 惊悚,9.0,,
七宗罪,/ 火线追缉令(台)  /  7宗罪,大卫·芬奇 David Fincher   主演: 摩根·弗里曼 Morgan Freeman / 布...,摩根·弗里曼 Morgan Freeman / 布...,,1995,剧情 犯罪 悬疑 惊悚,8.8,,
唐伯虎点秋香,/ Flirting Scholar,李力持 Lik-Chi Lee   主演: 周星驰 Stephen Chow / 巩俐 Li Gong / 陈...,周星驰 Stephen Chow / 巩俐 Li Gong / 陈...,,1993,喜剧 爱情 古装,8.7,,
还有明天,/ 明天还有梦(港)  /  我们还有明天(台),宝拉·柯特莱西 Paola Cortelle,宝拉·柯特莱西 Paola Corte...,,2023,剧情 喜剧 历史,9.4,,
狩猎,/ 诬网(港)  /  谎言的烙印(台),托马斯·温特伯格 Thoma,麦斯·米科尔森 Mad,,2012,剧情,9.1,,
幽灵公主,/ 魔法公主  /  幽灵少女,宫崎骏 Hayao Miyazaki   主演: 松田洋治 Yôji Mat,松田洋治 Yôji Mat,,1997,动画 奇幻 冒险,8.9,,
甜蜜蜜,/ Comrades: Almost a Love Story,陈可辛 Peter Chan   主演: 黎明 Leon Lai / 张曼玉 Maggie Cheung / ...,黎明 Leon Lai / 张曼玉 Maggie Cheung / ...,,1996,剧情 爱情,8.9,,
蝙蝠侠：黑暗骑士崛起,/ 蝙蝠侠前传3：黑暗骑士崛起  /  黑暗骑士：黎明升起(台),克里斯托弗·诺兰 Chri,克里斯蒂安·贝尔 Chri,,2012,剧情 动作 科幻 犯罪 惊悚,8.9,,
7号房的礼物,/ 戆爸的礼物(港)  /  7号囚房的礼物,李焕庆 Hwan-kyeong Lee   主演: 柳承龙 Seung-yong Ryoo / 朴信惠 Shi...,柳承龙 Seung-yong Ryoo / 朴信惠 Shi...,,2013,剧情 喜剧 家庭,8.9,,
寄生虫,/ 寄生上流(台)  /  上流寄生族(港),奉俊昊 Joon-ho Bong   主演: 宋康昊 Kang-ho Song / 李善均 Seon-gyun...,宋康昊 Kang-ho Song / 李善均 Seon-gyun...,,2019,剧情,8.8,,
天书奇谭,/ 天书奇谭4K纪念版  /  The Legend of Sealed Book,王树忱 Shuchen Wang / 钱运达 Yunda Qian   主演: 丁建华 Jianhua Din...,丁建华 Jianhua Din...,,1983(中国大陆),动画 奇幻,9.2,,
超能陆战队,/ 大英雄联盟(港)  /  大英雄天团(台),唐·霍尔 Don Hall / 克里斯·威廉姆斯 Chri,斯科特...,,2014,喜剧 动作 科幻 动画 冒险,8.8,,
爱在黎明破晓前,/ 情留半天(港)  /  爱在黎明破晓时(台),理查德·林克莱特 Richard Linklater   主演: 伊桑·霍克 Ethan Hawke ...,伊桑·霍克 Ethan Hawke ...,,1995,剧情 爱情,8.8,,
被嫌弃的松子的一生,/ 花样奇缘(港)  /  令人讨厌的松子的一生(台),中岛哲也 Tet,中谷美纪 Miki Nakatani / 瑛太 E...,,2006,剧情 歌舞,8.8,,
第六感,/ 鬼眼(港)  /  灵异第六感(台),M·奈特·沙马兰 M. Night Shyamalan   主演: 布鲁斯·威利斯 Bruce Wi...,布鲁斯·威利斯 Bruce Wi...,,1999,剧情 悬疑 惊悚,8.9,,
爱在日落黄昏时,/ 日落巴黎(港)  /  爱在日落巴黎时(台),理查德·林克莱特 Richard Linklater   主演: 伊桑·霍克 Ethan Hawke ...,伊桑·霍克 Ethan Hawke ...,,2004,剧情 爱情,8.9,,
重庆森林,/ Chungking Express,王家卫 Kar Wai Wong   主演: 林青霞 Brigitte Lin / 金城武 Take,林青霞 Brigitte Lin / 金城武 Take,,1994,剧情 爱情,8.8,,
入殓师,/ 礼仪师之奏鸣曲(港)  /  礼仪师(台),泷田洋二郎 Yôjirô Takita   主演: 本木雅弘 Ma,本木雅弘 Ma,,2008,剧情,8.9,,
剪刀手爱德华,/ 幻海奇缘(港)  /  剪刀手爱德华,蒂姆·波顿 Tim Burton   主演: 约翰尼·德普 Johnny Depp / 薇诺娜·...,约翰尼·德普 Johnny Depp / 薇诺娜·...,,1990,剧情 爱情 奇幻,8.7,,
未麻的部屋,/ 蓝色恐惧(港 / 台),今敏 Sato,岩男润子 Junko Iwao / 松本梨香 Rica Mat,,1997,剧情 犯罪 动画 悬疑 惊悚,9.1,,
断背山,/ 断臂山  /  BBM,李安 Ang Lee   主演: 希斯·莱杰 Heath Ledger / 杰克·吉伦哈尔 Jake...,希斯·莱杰 Heath Ledger / 杰克·吉伦哈尔 Jake...,,2005,剧情 爱情 同性 家庭,8.8,,
菊次郎的夏天,/ 菊次郎之夏  /  Kikujirô no natsu,北野武 Take,北野武 Take,,1999,剧情 喜剧,8.9,,
哈利·波特与火焰杯,/ 哈利波特4：火杯的考验(港 / 台),迈克·内威尔 Mike Newell   主演: 丹尼尔·雷德克里夫 Daniel Radclif...,丹尼尔·雷德克里夫 Daniel Radclif...,,2005,悬疑 奇幻 冒险,8.8,,
勇敢的心,/ 惊世未了缘(港)  /  梅尔吉勃逊之英雄本色(台),梅尔·吉布森 Mel Gib,梅尔·吉布森 Mel Gib,,1995,动作 传记 剧情 历史 战争,8.9,,
借东西的小人阿莉埃蒂,/ 借物少女艾莉缇(台)  /  借东西的小矮人亚莉亚蒂(港),米林宏昌 Hiroma,志田未来 Mirai Shida / 神木...,,2010,动画 奇幻 冒险,8.9,,
茶馆,/ The Teahouse,谢添 Tian Xie   主演: 于是之 Shizhi Yu / 郑榕 Rong Zhen / 蓝天野 T...,于是之 Shizhi Yu / 郑榕 Rong Zhen / 蓝天野 T...,,1982(中国大陆),剧情 历史,9.6,,
头脑特工队,/ 玩转脑朋友(港)  /  脑筋急转弯(台),彼特·道格特 Pete Docter / 罗纳尔多·德尔·卡门 Ronaldo Del Carmen  &nb...,,,2015,喜剧 动画 冒险,8.8,,
时空恋旅人,/ 回到最爱的一天(港)  /  真爱每一天(台),理查德·柯蒂斯 Richard Curti,多姆纳尔·格里森 Domhnall Gl...,,2013,喜剧 爱情 奇幻,8.8,,
无人知晓,/ 谁知赤子心(港)  /  无人知晓的夏日清晨(台),是枝裕和 Hirokazu Koreeda   主演: 柳乐优弥 Yûya Yagira / 北浦爱...,柳乐优弥 Yûya Yagira / 北浦爱...,,2004,剧情,9.1,,
消失的爱人,/ 失踪的女孩  /  失踪女孩,大卫·芬奇 David Fincher   主演: 本·阿弗莱克 Ben Affleck / 罗莎蒙...,本·阿弗莱克 Ben Affleck / 罗莎蒙...,,2014,剧情 犯罪 悬疑 惊悚,8.7,,
倩女幽魂,/ 倩女幽魂(87版)  /  倩女幽魂：妖魔道,程小东 Siu-Tung Ching   主演: 张国荣 Le,张国荣 Le,,1987,爱情 奇幻 武侠 古装,8.8,,
完美的世界,/ 强盗保镳,克林特·伊斯特伍德 Clint Ea,凯文·科斯特纳 Kevin Co,,1993,剧情 犯罪,9.1,,
阳光灿烂的日子,/ In the Heat of the Sun,姜文 Wen Jiang   主演: 夏雨 Yu Xia / 宁静 Jing Ning / 陶虹 Hong Tao,夏雨 Yu Xia / 宁静 Jing Ning / 陶虹 Hong Tao,,1994,剧情 爱情,8.8,,
花样年华,/ 花样年华导演特别版  /  花样年华4K修复版,王家卫 Kar Wai Wong   主演: 张曼玉 Maggie Cheung / 梁朝伟 Tony Leu...,张曼玉 Maggie Cheung / 梁朝伟 Tony Leu...,,2000,剧情 爱情,8.8,,
驯龙高手,/ 驯龙记(港),迪恩·德布洛斯 Dean DeBloi,,,2010,动画 奇幻 冒险,8.8,,
小森林 夏秋篇,/ 小森食光 / 夏秋篇(台),森淳一 Junichi Mori   主演: 桥本爱 Ai Ha,桥本爱 Ai Ha,,2014,剧情,9.0,,
天使爱美丽,/ 艾蜜莉的异想世界(台)  /  天使艾米莉,让-皮埃尔·热内 Jean-Pierre Jeunet   主演: 奥黛丽·塔图 Audrey Tau...,奥黛丽·塔图 Audrey Tau...,,2001,剧情 喜剧 爱情,8.7,,
新世界,/ 暗黑新世界(台)  /  New World,朴勋政 Hoon-jung Park   主演: 李政宰 Jung-Jae Lee / 崔岷植 Min-,李政宰 Jung-Jae Lee / 崔岷植 Min-,,2013,剧情 犯罪,8.9,,
傲慢与偏见,/ 傲慢与偏见2005  /  Pride And Prejudice,乔·怀特 Joe Wright   主演: 凯拉·奈特莉 Keira Knightley / 马修·...,凯拉·奈特莉 Keira Knightley / 马修·...,,2005,剧情 爱情,8.7,,
一个叫欧维的男人决定去死,/ 明天别再来敲门(台)  /  想死冇咁易(港),汉内斯·赫尔姆 Hanne,罗夫·拉斯加德 Rolf La,,2015,剧情,8.9,,
侧耳倾听,/ 心之谷(台)  /  梦幻街少女(港),近藤喜文 Yo,本名阳子 Youko Honna / 小林桂树 K...,,1995,剧情 爱情 动画,8.9,,
怪兽电力公司,/ 怪兽公司(港)  /  怪物公司,彼特·道格特 Pete Docter / 大卫·斯沃曼 David Silverman   主演: 约...,约...,,2001,儿童 喜剧 动画 奇幻 冒险,8.8,,
玩具总动员3,/ 反斗奇兵3(港)  /  玩具的故事3,李·昂克里奇 Lee Unkrich   主演: 汤姆·汉克斯 Tom Hank,汤姆·汉克斯 Tom Hank,,2010,喜剧 动画 奇幻 冒险,8.9,,
请以你的名字呼唤我,/ 以你的名字呼唤我(港 / 台),卢卡·瓜达尼诺 Luca Guadagnino   主演: 艾米·汉莫 Armie Hammer / ...,艾米·汉莫 Armie Hammer / ...,,2017,剧情 爱情 同性,8.8,,
教父3,/ 教父第三集  /  教父 III,弗朗西斯·福特·科波拉 Franci,阿尔·帕西诺 A...,,1990,剧情 犯罪,9.0,,
色，戒,/ 色|戒  /  色·戒,李安 Ang Lee   主演: 梁朝伟 Tony Leung Chiu Wai / 汤唯 Wei Tang / ...,梁朝伟 Tony Leung Chiu Wai / 汤唯 Wei Tang / ...,,2007,剧情 爱情 情色,8.7,,
幸福终点站,/ 机场客运站(港)  /  航站情缘(台),史蒂文·斯皮尔伯格 Steven Spielberg   主演: 汤姆·汉克斯 Tom Hank,汤姆·汉克斯 Tom Hank,,2004,喜剧 剧情 爱情,8.8,,
哪吒闹海,/ Prince Nezha's Triumph Against Dragon King  /  Nezha Conquers the Dragon King,王树忱 Shuchen Wang / 严定宪 Dingxian Yan   主演: 梁正晖 Zhenghui ...,梁正晖 Zhenghui ...,,1979,冒险 动画 奇幻,9.2,,
被解救的姜戈,/ 被解放的姜戈  /  决杀令(台),昆汀·塔伦蒂诺 Quentin Tarantino   主演: 杰米·福克斯 Jamie Foxx /...,杰米·福克斯 Jamie Foxx /...,,2012,剧情 动作 西部 冒险,8.8,,
小森林 冬春篇,/ 小森食光 / 冬春篇(台),森淳一 Junichi Mori   主演: 桥本爱 Ai Ha,桥本爱 Ai Ha,,2015,剧情,9.0,,
九品芝麻官,/ 九品芝麻官之白面包青天  /  Hail the Judge,王晶 Jing Wong   主演: 周星驰 Stephen Chow / 吴孟达 Man Tat Ng / ...,周星驰 Stephen Chow / 吴孟达 Man Tat Ng / ...,,1994,剧情 喜剧 古装,8.8,,
釜山行,/ 尸杀列车(港)  /  尸速列车(台),延尚昊 Sang-ho Yeon   主演: 孔侑 Yoo Gong / 郑有美 Yu-mi Jung / 马...,孔侑 Yoo Gong / 郑有美 Yu-mi Jung / 马...,,2016,动作 惊悚 灾难,8.6,,
神偷奶爸,/ 卑鄙的我  /  坏蛋奖门人(港),皮艾尔·柯芬 Pierre Coffin / 克里斯·雷纳德 Chri,...,,2010,喜剧 动画 冒险,8.7,,
萤火之森,/ 萤火之社  /  Hotarubi no mori e,大森贵弘 Takahiro Omori   主演: 佐仓绫音 Ayane Sakura / 内山昂辉 K...,佐仓绫音 Ayane Sakura / 内山昂辉 K...,,2011,剧情 爱情 动画 奇幻,8.8,,
喜宴,/ The Wedding Banquet,李安 Ang Lee   主演: 赵文瑄 Win,赵文瑄 Win,,1993,剧情 喜剧 爱情 同性 家庭,9.0,,
告白,/ 自白  /  母亲,中岛哲也 Tet,松隆子 Takako Mat,,2010,剧情 悬疑,8.8,,
玛丽和马克思,/ 巧克力情缘(台)  /  同是天涯寂寞客,亚当·艾略特 Adam Elliot   主演: 托妮·科莱特 Toni Collette / 菲利...,托妮·科莱特 Toni Collette / 菲利...,,2009,剧情 喜剧 动画,9.0,,
头号玩家,/ 玩家一号  /  挑战者1号(港),史蒂文·斯皮尔伯格 Steven Spielberg   主演: 泰伊·谢里丹 Tye Sheri...,泰伊·谢里丹 Tye Sheri...,,2018,动作 科幻 冒险,8.6,,
模仿游戏,/ 解码游戏(港)  /  模拟游戏,莫滕·泰杜姆 Morten Tyldum   主演: 本尼迪克特·康伯巴奇 Benedict C...,本尼迪克特·康伯巴奇 Benedict C...,,2014,剧情 传记 战争 同性,8.8,,
大鱼,/ 大鱼奇缘(港)  /  大智若鱼(台),蒂姆·波顿 Tim Burton   主演: 伊万·麦克格雷格 Ewan McGregor / 阿...,伊万·麦克格雷格 Ewan McGregor / 阿...,,2003,剧情 爱情 奇幻 冒险,8.8,,
七武士,/ 七侠四义(港)  /  七剑客(港),黑泽明 Akira Kuro,三船敏郎 To,,1954,动作 冒险 剧情,9.3,,
惊魂记,/ 精神病患者  /  触目惊心(港),阿尔弗雷德·希区柯克 Alfred Hitchcock   主演: 安东尼·博金斯 Antho...,安东尼·博金斯 Antho...,,1960,悬疑 惊悚 恐怖,9.0,,
射雕英雄传之东成西就,/ 东成西就  /  大英雄 (日本),刘镇伟 Jeffrey Lau   主演: 梁朝伟 Tony Leung Chiu Wai / 林青霞 Bri...,梁朝伟 Tony Leung Chiu Wai / 林青霞 Bri...,,1993,喜剧 奇幻 武侠 古装,8.7,,
血战钢锯岭,/ 钢锯岭  /  钢铁英雄(台),梅尔·吉布森 Mel Gib,安德鲁·加菲尔德 Andrew Garfield /...,,2016,剧情 传记 历史 战争,8.7,,
我是山姆,/ 不一样的爸爸(港)  /  他不笨，他是我爸爸(台),杰茜·尼尔森 Je,Sean Penn / Dakota Fanning / Mi...,,2001,剧情 家庭,9.0,,
你的名字。,/ 你的名字  /  君之名,新海诚 Makoto Shinkai   主演: 神木隆之介 Ryûno,神木隆之介 Ryûno,,2016,剧情 爱情 动画,8.5,,
阳光姐妹淘,/ 阳光姊妹淘(港)  /  桑尼,姜炯哲 Hyeong-Cheol Kang   主演: 沈恩京 Eun-kyung Shim / 闵孝琳 Hy...,沈恩京 Eun-kyung Shim / 闵孝琳 Hy...,,2011,剧情 喜剧,8.8,,
恐怖直播,/ 死亡“动”新闻(港)  /  恐怖攻击直播(台),金秉祐 Byeong-woo Kim   主演: 河正宇 Jung-woo Ha / 李璟荣 Kyeong-y...,河正宇 Jung-woo Ha / 李璟荣 Kyeong-y...,,2013,剧情 犯罪 悬疑,8.7,,
黑客帝国3：矩阵革命,/ 22世纪杀人网络3：惊变世纪(港)  /  骇客任务完结篇：最后战役(台),拉娜·沃卓斯基 Lana Wachow,,,2003,动作 科幻,8.8,,
背靠背，脸对脸,"/ 背对背，脸对脸  /  Back to Back, Face to Face",黄建新 Jianxin Huang / 杨亚洲 Yazhou Yang   主演: 牛振华 Zhenhua N...,牛振华 Zhenhua N...,,1994,剧情,9.5,,
心灵奇旅,/ 灵魂奇遇记(港)  /  灵魂急转弯(台),彼特·道格特 Pete Docter / 凯普·鲍尔斯 Kemp Power,杰米·...,,2020,动画 奇幻 音乐,8.7,,
电锯惊魂,/ 恐惧斗室(港)  /  夺魂锯(台),詹姆斯·温 Jame,雷·沃纳尔 Leigh Whannell / 加利·艾...,,2004,悬疑 惊悚 恐怖,8.7,,
三块广告牌,/ 广告牌杀人事件(港)  /  意外(台),马丁·麦克唐纳 Martin McDonagh   主演: 弗兰西斯·麦克多蒙德 France...,弗兰西斯·麦克多蒙德 France...,,2017,剧情 犯罪,8.7,,
小丑,/ 小丑起源电影：罗密欧  /  Romeo,托德·菲利普斯 Todd Phillip,杰昆·菲尼克斯 Joaquin Phoeni...,,2019,剧情 犯罪 惊悚,8.7,,
谍影重重3,/ 叛谍追击3：最后通牒(港)  /  神鬼认证：最后通牒 (台),保罗·格林格拉斯 Paul Greengra,马特·达蒙 Matt Damon / ...,,2007,动作 悬疑 惊悚,8.9,,
达拉斯买家俱乐部,/ 续命枭雄(港)  /  药命俱乐部(台),让-马克·瓦雷 Jean-Marc Vallée   主演: 马修·麦康纳 Matthew McCon...,马修·麦康纳 Matthew McCon...,,2013,剧情 传记 同性,8.8,,
疯狂原始人,/ 古鲁家族(港 / 台),科克·德·米科 Kirk De Micco / 克里斯·桑德斯 Chri,,,2013,喜剧 动画 冒险,8.7,,
无间道2,/ 无间道前传  /  Infernal Affairs II,刘伟强 Andrew Lau / 麦兆辉 Alan Mak   主演: 陈冠希 Edi,陈冠希 Edi,,2003,剧情 犯罪 惊悚,8.8,,
绿里奇迹,/ 绿色奇迹(台)  /  绿色英里,弗兰克·德拉邦特 Frank Darabont   主演: 汤姆·汉克斯 Tom Hank,汤姆·汉克斯 Tom Hank,,1999,犯罪 剧情 奇幻 悬疑,8.9,,
爱在午夜降临前,/ 情约半生(港)  /  爱在午夜希腊时(台),理查德·林克莱特 Richard Linklater   主演: 伊桑·霍克 Ethan Hawke ...,伊桑·霍克 Ethan Hawke ...,,2013,剧情 爱情,8.9,,
海街日记,/ 海街女孩日记(港)  /  Kamakura Diary,是枝裕和 Hirokazu Koreeda   主演: 绫濑遥 Haruka Aya,绫濑遥 Haruka Aya,,2015,剧情 家庭,8.8,,
风之谷,/ 风谷少女  /  Kaze no tani no Naushika,宫崎骏 Hayao Miyazaki   主演: 岛本须美 Sumi Shimamoto / 松田洋治 Y...,岛本须美 Sumi Shimamoto / 松田洋治 Y...,,1984,动画 奇幻 冒险,8.9,,
上帝之城,/ 无主之城(港)  /  无法无天(台),费尔南多·梅里尔斯 Fernando Meirelle,,,2002,犯罪 剧情,9.0,,
英雄本色,/ A Better Tomorrow  /  Gangland Boss,吴宇森 John Woo   主演: 周润发 Yun-Fat Chow / 狄龙 Lung Ti / 张国...,周润发 Yun-Fat Chow / 狄龙 Lung Ti / 张国...,,1986,剧情 动作 犯罪,8.6,,
疯狂的石头,/ Crazy Stone,宁浩 Hao Ning   主演: 郭涛 Tao Guo / 刘桦 Hua Liu / 连晋 Teddy Lin,郭涛 Tao Guo / 刘桦 Hua Liu / 连晋 Teddy Lin,,2006,喜剧 犯罪,8.6,,
雨中曲,/ 万花嬉春(港 / 台),斯坦利·多南 Stanley Donen / 吉恩·凯利 Gene Kelly   主演: 吉恩·...,吉恩·...,,1952,喜剧 歌舞 爱情,9.1,,
心迷宫,/ 殡棺  /  The Coffin in the Mountain,忻钰坤 Yukun Xin   主演: 霍卫民 Weimin Huo / 王笑天 Xiaotian Wang ...,霍卫民 Weimin Huo / 王笑天 Xiaotian Wang ...,,2014,剧情 犯罪 悬疑,8.7,,
2001太空漫游,/ 2001：星际漫游  /  2001：太空奥德赛,斯坦利·库布里克 Stanley Kubrick   主演: 凯尔·杜拉 Keir Dullea / ...,凯尔·杜拉 Keir Dullea / ...,,1968,科幻 惊悚 冒险,8.9,,
纵横四海,/ Once a Thief,吴宇森 John Woo   主演: 周润发 Yun-Fat Chow / 张国荣 Le,周润发 Yun-Fat Chow / 张国荣 Le,,1991,剧情 喜剧 动作 犯罪,8.8,,
末路狂花,/ 塞尔玛与路易丝  /  末路狂花,雷德利·斯科特 Ridley Scott   主演: 吉娜·戴维斯 Geena Davi,吉娜·戴维斯 Geena Davi,,1991,犯罪 剧情 惊悚,9.0,,
记忆碎片,/ 凶心人(港)  /  记忆拼图(台),克里斯托弗·诺兰 Chri,盖·皮尔斯 Guy Pearce /...,,2000,犯罪 剧情 悬疑 惊悚,8.7,,
卢旺达饭店,/ 卢安达饭店(台),特瑞·乔治 Terry George   主演: 唐·钱德尔 Don Cheadle / 苏菲·奥...,唐·钱德尔 Don Cheadle / 苏菲·奥...,,2004,剧情 传记 历史 战争,8.9,,
高山下的花环,/ 卫国军魂(港)  /  Wreaths at the Foot of the Mountain,谢晋 Jin Xie   主演: 吕晓禾 Xiaohe Lü / 唐国强 Guoqiang Tang / 何...,吕晓禾 Xiaohe Lü / 唐国强 Guoqiang Tang / 何...,,1984(中国大陆),剧情 战争,9.5,,
无敌破坏王,/ 破坏王拉尔夫  /  破坏王大冒险,瑞奇·莫尔 Rich Moore   主演: 约翰·C·赖利 John C. Reilly / 萨拉...,约翰·C·赖利 John C. Reilly / 萨拉...,,2012,喜剧 动画 奇幻 冒险,8.7,,
小偷家族,/ Shoplifters  /  Une Affaire de Famille,是枝裕和 Hirokazu Koreeda   主演: 中川雅也 Lily Franky / 安藤樱 Sa...,中川雅也 Lily Franky / 安藤樱 Sa...,,2018,剧情 犯罪 家庭,8.7,,
冰川时代,/ 冰河世纪  /  冰原历险记,卡洛斯·沙尔丹哈 Carlo,,,2002,喜剧 动画 冒险,8.7,,
恐怖游轮,/ 汪洋血迷宮(台)  /  轮回三角,克里斯托弗·史密斯 Chri,梅利莎·乔治 Meli,,2009,剧情 悬疑 惊悚,8.5,,
东京教父,/ Tokyo Godfathers,今敏 Sato,江守彻 Toru Emori / 梅垣义明 Yo,,2003,剧情 喜剧 动画,9.0,,
牯岭街少年杀人事件,/ A Brighter Summer Day,杨德昌 Edward Yang   主演: 张震 Chen Chang / 杨静怡 Li,张震 Chen Chang / 杨静怡 Li,,1991,剧情 犯罪,8.9,,
魔女宅急便,/ 魔女琪琪(台)  /  小魔女限时专送,宫崎骏 Hayao Miyazaki   主演: 高山南 Minami Takayama / 佐久间玲 Re...,高山南 Minami Takayama / 佐久间玲 Re...,,1989,动画 奇幻 冒险,8.7,,
岁月神偷,/ 1969太空漫游  /  Echoes Of The Rainbow,罗启锐 Alex Law   主演: 吴君如 Sandra Ng / 任达华 Simon Yam / 钟绍...,吴君如 Sandra Ng / 任达华 Simon Yam / 钟绍...,,2010,剧情 家庭,8.7,,
忠犬八公物语,/ 八千公物语  /  阿八的故事,神山征二郎 Seijirô Kôyama   主演: 仲代达矢 Tat,仲代达矢 Tat,,1987,剧情,9.2,,
荒蛮故事,/ 蛮荒故事  /  生命中最抓狂的小事(台),达米安·斯兹弗隆 Damián Szifron   主演: 达里奥·葛兰帝内提 Darío...,达里奥·葛兰帝内提 Darío...,,2014,剧情 喜剧 犯罪,8.7,,
遗愿清单,/ 玩转身前事(港)  /  一路玩到挂(台),罗伯·莱纳 Rob Reiner   主演: 杰克·尼科尔森 Jack Nichol,杰克·尼科尔森 Jack Nichol,,2007,冒险 喜剧 剧情,8.7,,
大佛普拉斯,/ The Great Buddha+,黄信尧 H,庄益增 Yizeng Zhuang / 陈竹昇 Chu-,,2017,剧情 喜剧,8.7,,
贫民窟的百万富翁,/ 一百万零一夜(港)  /  贫民百万富翁(台),丹尼·鲍尔 Danny Boyle / 洛芙琳·坦丹 Loveleen Tandan   主演: 戴夫...,戴夫...,,2008,剧情 爱情,8.6,,
芙蓉镇,/ Hibiscus Town,谢晋 Jin Xie   主演: 刘晓庆 Xiaoqing Liu / 姜文 Wen Jiang / 郑在石...,刘晓庆 Xiaoqing Liu / 姜文 Wen Jiang / 郑在石...,,1987,剧情 爱情,9.3,,
源代码,/ 启动原始码(台)  /  危机解密(港),邓肯·琼斯 Duncan Jone,杰克·吉伦哈尔 Jake Gyllenhaal / ...,,2011,科幻 悬疑 惊悚,8.6,,
疯狂的麦克斯4：狂暴之路,/ 末日先锋：战甲飞车(港)  /  疯狂麦斯：愤怒道(台),乔治·米勒 George Miller   主演: 汤姆·哈迪 Tom Hardy / 查理兹·塞...,汤姆·哈迪 Tom Hardy / 查理兹·塞...,,2015,动作 科幻 冒险,8.7,,
你看起来好像很好吃,/ 你看起来很好吃(台)  /  你看上去好像很好吃,藤森雅也 Ma,山口胜平 Kappei Yamaguchi / 爱河...,,2010,剧情 动画 儿童,8.9,,
东邪西毒,/ Ashes of Time,王家卫 Kar Wai Wong   主演: 张国荣 Le,张国荣 Le,,1994,剧情 动作 爱情 武侠 古装,8.6,,
可可西里,/ Kekexili: Mountain Patrol,陆川 Chuan Lu   主演: 多布杰 Duobujie / 张磊 Lei Zhang / 亓亮 Qi L...,多布杰 Duobujie / 张磊 Lei Zhang / 亓亮 Qi L...,,2004,剧情 犯罪,8.9,,
爆裂鼓手,/ 鼓动真我(港)  /  进击的鼓手(台),达米恩·查泽雷 Damien Chazelle   主演: 迈尔斯·特勒 Mile,迈尔斯·特勒 Mile,,2014,剧情 音乐,8.6,,
城市之光,/ City Lights: A Comedy Romance in Pantomime  /  Lichter der Großstadt,查理·卓别林 Charle,查理·卓别林 Charle,,1931,喜剧 剧情 爱情,9.3,,
波西米亚狂想曲,/ 波希米亚狂想曲：摇滚传说(港)  /  波希米亚狂想曲(台),布莱恩·辛格 Bryan Singer   主演: 拉米·马雷克 Rami Malek / 本·哈...,拉米·马雷克 Rami Malek / 本·哈...,,2018,剧情 传记 同性 音乐,8.6,,
花束般的恋爱,/ 她和他的恋爱花期(港)  /  爱如花束 恋恋不忘,土井裕泰 Nobuhiro Doi   主演: 菅田将晖 Ma,菅田将晖 Ma,,2021,剧情 爱情,8.6,,
黑天鹅,/ 夺命黑天鹅  /  霸王别鹅(豆友译名),达伦·阿罗诺夫斯基 Darren Aronof,娜塔莉·波特曼 Natalie...,,2010,剧情 惊悚,8.6,,
爱乐之城,/ 星声梦里人(港)  /  乐来越爱你(台),达米恩·查泽雷 Damien Chazelle   主演: 瑞恩·高斯林 Ryan Go,瑞恩·高斯林 Ryan Go,,2016,剧情 爱情 歌舞,8.4,,
青蛇,/ Green Snake,徐克 Hark T,张曼玉 Maggie Cheung / 王祖贤 Joey Wang / ...,,1993,剧情 爱情 奇幻 古装,8.6,,
白日梦想家,/ 发梦王大历险(港)  /  白日梦冒险王(台),本·斯蒂勒 Ben Stiller   主演: 本·斯蒂勒 Ben Stiller / 克里斯汀·...,本·斯蒂勒 Ben Stiller / 克里斯汀·...,,2013,剧情 喜剧 冒险,8.6,,
哈利·波特与死亡圣器(上),/ 哈利波特7：死神的圣物1(港 / 台),大卫·叶茨 David Yate,丹尼尔·雷德克里夫 Daniel Radcliffe...,,2010,奇幻 冒险,8.6,,
机器人之梦,/ 再见机器人(台)  /  汪汪梦里人(港),巴勃罗·贝格尔 Pablo Berger   主演: 伊万·拉班达 Ivan Labanda / 阿...,伊万·拉班达 Ivan Labanda / 阿...,,2023,剧情 动画 音乐,9.1,,
终结者2：审判日,/ 未来战士2(港)  /  魔鬼终结者2(台),詹姆斯·卡梅隆 Jame,阿诺·施瓦辛格 Arnold Schwarz...,,1991,动作 科幻,8.8,,
初恋这件小事,/ 初恋那件小事(港)  /  暗恋那点小事,普特鹏·普罗萨卡·那·萨克那卡林 Puttipong Prom,,,2010,剧情 喜剧 爱情,8.5,,
无耻混蛋,/ 希魔撞正杀人狂(港)  /  恶棍特工(台),昆汀·塔伦蒂诺 Quentin Tarantino   主演: 布拉德·皮特 Brad Pitt / ...,布拉德·皮特 Brad Pitt / ...,,2009,剧情 犯罪,8.7,,
雨人,/ 手足情未了(港)  /  手足情深,巴瑞·莱文森 Barry Levin,达斯汀·霍夫曼 Du,,1988,剧情,8.7,,
新龙门客栈,/ New Dragon Gate Inn,李惠民 Raymond Lee   主演: 张曼玉 Maggie Cheung / 林青霞 Brigitte ...,张曼玉 Maggie Cheung / 林青霞 Brigitte ...,,1992,动作 爱情 武侠 古装,8.7,,
人工智能,/ AI人工智慧,史蒂文·斯皮尔伯格 Steven Spielberg   主演: 海利·乔·奥斯蒙 Haley...,海利·乔·奥斯蒙 Haley...,,2001,剧情 科幻,8.7,,
虎口脱险,/ 横冲直撞出重围(港)  /  大進擊(台),杰拉尔·乌里 Gérard Oury   主演: 路易·德·菲耐斯 Loui,路易·德·菲耐斯 Loui,,1966,喜剧 战争,8.9,,
崖上的波妞,/ 悬崖上的金鱼姬  /  悬崖上的金鱼公主,宫崎骏 Hayao Miyazaki   主演: 奈良柚莉爱 Yuria Nara / 土井洋辉 Hir...,奈良柚莉爱 Yuria Nara / 土井洋辉 Hir...,,2008,动画 奇幻 冒险,8.6,,
大红灯笼高高挂,/ Raise The Red Lantern  /  Épouses et concubines,张艺谋 Yimou Zhang   主演: 巩俐 Li Gong / 马精武 Jingwu Ma / 何赛...,巩俐 Li Gong / 马精武 Jingwu Ma / 何赛...,,1991,剧情,8.8,,
真爱至上,/ 真的恋爱了(港)  /  爱是您，爱是我(台),理查德·柯蒂斯 Richard Curti,休·格兰特 Hugh Grant / 连姆...,,2003,喜剧 剧情 爱情,8.5,,
千钧一发,/ 变种异煞(港)  /  自然人,安德鲁·尼科尔 Andrew Niccol   主演: 伊桑·霍克 Ethan Hawke / 乌玛...,伊桑·霍克 Ethan Hawke / 乌玛...,,1997,剧情 科幻 惊悚,8.8,,
罗生门,/ Rashomon,黑泽明 Akira Kuro,三船敏郎 To,,1950,剧情 犯罪 悬疑,8.8,,
恋恋笔记本,/ 忘了·忘不了(港)  /  手札情缘(台),尼克·卡索维茨 Nick Ca,瑞恩·高斯林 Ryan Go,,2004,剧情 爱情,8.5,,
彗星来的那一夜,/ 相干性  /  相干效应,詹姆斯·沃德·布柯特 Jame,艾米丽·芭尔多尼 Em...,,2013,科幻 悬疑 惊悚,8.6,,
哈利·波特与凤凰社,/ 哈利波特5：凤凰会的密令(港 / 台),大卫·叶茨 David Yate,丹尼尔·雷德克里夫 Daniel Radcliffe...,,2007,奇幻 冒险,8.5,,
海边的曼彻斯特,/ 情系海边之城(港),肯尼斯·罗纳根 Kenneth Lonergan   主演: 卡西·阿弗莱克 Ca,卡西·阿弗莱克 Ca,,2016,剧情 家庭,8.6,,
火星救援,/ 火星任务(港)  /  绝地救援(台),雷德利·斯科特 Ridley Scott   主演: 马特·达蒙 Matt Damon / 杰西卡...,马特·达蒙 Matt Damon / 杰西卡...,,2015,剧情 科幻 冒险,8.5,,
黑客帝国2：重装上阵,/ 22世纪杀人网络2：决战未来(港)  /  骇客任务：重装上阵(台),拉娜·沃卓斯基 Lana Wachow,,,2003,动作 科幻,8.7,,
奇迹男孩,/ 奇迹,斯蒂芬·卓博斯基 Stephen Chbo,雅各布·特伦布莱 Jacob Tr...,,2017,剧情 儿童 家庭,8.6,,
萤火虫之墓,/ 再见萤火虫(港)  /  萤火挽歌,高畑勋 I,辰己努 / 白石绫乃 / 志乃原良子,,1988,动画 剧情 战争,8.7,,
战争之王,/ 军火之王(台 / 港),安德鲁·尼科尔 Andrew Niccol   主演: 尼古拉斯·凯奇 Nicola,尼古拉斯·凯奇 Nicola,,2005,剧情 犯罪,8.7,,
千年女优,/ Millennium Actress,今敏 Sato,庄司美代子 Miyoko Shôji / 小山茉美 Mam...,,2001,动画 剧情 爱情,8.8,,
步履不停,/ 横山家之味(港 / 台),是枝裕和 Hirokazu Koreeda   主演: 阿部宽 Hiro,阿部宽 Hiro,,2008,剧情 家庭,8.8,,
谍影重重2,/ 叛谍追击2：机密圈套(港)  /  神鬼认证：神鬼疑云(台),保罗·格林格拉斯 Paul Greengra,马特·达蒙 Matt Damon / ...,,2004,动作 悬疑 惊悚,8.7,,
血钻,/ 血钻石(台)  /  血腥钻石,爱德华·兹威克 Edward Zwick   主演: 莱昂纳多·迪卡普里奥 Leonardo ...,莱昂纳多·迪卡普里奥 Leonardo ...,,2006,剧情 惊悚 冒险,8.7,,
蜘蛛侠：平行宇宙,/ 蜘蛛侠：新纪元  /  蜘蛛人：新宇宙(台),鲍勃·佩尔西凯蒂 Bob Per,,,2018,动作 科幻 动画 冒险,8.6,,
攻壳机动队,/ Ghost in the Shell,押井守 Mamoru O,田中敦子 At,,1995,动作 科幻 动画,9.0,,
魂断蓝桥,/ 滑铁卢桥  /  断桥残梦,茂文·勒鲁瓦 Mervyn LeRoy   主演: 费雯·丽 Vivien Leigh / 罗伯特·...,费雯·丽 Vivien Leigh / 罗伯特·...,,1940,剧情 爱情 战争,8.8,,
房间,/ 不存在的房间(台)  /  抖室(港),伦尼·阿伯拉罕森 Lenny Abraham,布丽·拉尔森 Brie Lar,,2015,剧情 家庭,8.8,,
冰雪奇缘,/ 魔雪奇缘(港)  /  冰雪大冒险,克里斯·巴克 Chri,克里斯汀...,,2013,喜剧 动画 奇幻 歌舞,8.5,,
隐藏人物,/ NASA无名英雌(港)  /  关键少数(台),特奥多尔·梅尔菲 Theodore Melfi   主演: 塔拉吉·P·汉森 Taraji P. ...,塔拉吉·P·汉森 Taraji P. ...,,2016,剧情 传记 历史,8.9,,
谍影重重,/ 叛谍追击(港)  /  神鬼认证(台),道格·里曼 Doug Liman   主演: 马特·达蒙 Matt Damon / 弗兰卡·波坦...,马特·达蒙 Matt Damon / 弗兰卡·波坦...,,2002,动作 悬疑 惊悚,8.6,,
